<?xml version="1.0" encoding="UTF-8" standalone="yes"?>
<addon 	id="repository.streamhub" 
		name="[COLOR red]StreamHub Repository[/COLOR]" 
		version="1.1" 
		provider-name="sClarke">
	<extension point="xbmc.addon.repository" name="[COLOR red]StreamHub Repository[/COLOR]">
	<dir>
		<info compressed="false">https://offshoregit.com/tvaresolvers/tva-common-repository/raw/master/addons.xml</info>
		<checksum>https://offshoregit.com/tvaresolvers/tva-common-repository/raw/master/addons.xml.md5</checksum>
		<datadir zip="true">https://offshoregit.com/tvaresolvers/tva-common-repository/raw/master/zips/</datadir>
	</dir>
		<info compressed="false">https://raw.githubusercontent.com/sClarkeIsBack/StreamHub/master/Repo_Files/addons.xml</info>
		<checksum>https://raw.githubusercontent.com/sClarkeIsBack/StreamHub/master/Repo_Files/addons.xml.md5</checksum>
		<datadir zip="true">https://raw.githubusercontent.com/sClarkeIsBack/StreamHub/master/Repo_Files/Zips</datadir>
	</extension>
	<extension point="xbmc.addon.metadata">
		<summary>StreamHub</summary>
		<description>StreamHub Repository - Bringing You StreamHub</description>
		<platform>all</platform>
	</extension>
</addon>
