<?xml version="1.0" encoding="UTF-8" standalone="yes"?>
<addon id="script.streamhub.tvguide" name="[COLOR red][B]StreamHub TV Guide[/COLOR][/B]" version="0.1" provider-name="sClarke">
    <requires>
        <import addon="xbmc.python" version="2.1.0"/>
        <import addon="script.module.simplejson" version="2.0.10"/>
    </requires>
    <extension point="xbmc.python.script" library="addon.py"/>
    <extension point="xbmc.service" library="service.py" start="login" />
    <extension point="xbmc.addon.metadata">
	        <provides>all</provides>
        <summary lang="en">TV Guide EPG for StreamHub Channels. Forked from TV Guide - Kodi Repository</summary>
        <platform>all</platform>
    </extension>
</addon>
