<?xml version="1.0" encoding="UTF-8" standalone="yes"?>
<addon id="script.module.streamhub" name="[B][COLOR red]Stream Hub[/COLOR][/B]" version="4.3" provider-name="sClarke">
  <requires>
    <import addon="xbmc.python" version="2.1.0"/>
	<import addon="script.module.requests" />
	<import addon="script.module.urlresolver" />
	<import addon="script.module.liveresolver" version="0.1.24"/>
    <import addon="script.module.beautifulsoup4" />
	<import addon="script.video.F4mProxy" />
  </requires>
  <extension point="xbmc.python.pluginsource" library="default.py">
        <provides>all</provides>
  </extension>
  <extension point="xbmc.addon.metadata">
    <summary lang="en">Dependency Addon for StreamHub</summary>
    <description lang="en">Dependency Addon for StreamHub</description>
	<disclaimer lang="en">Dependency Addon for StreamHub</disclaimer>
    <platform>all</platform>
  </extension>
</addon>
