<?xml version="1.0" encoding="UTF-8" standalone="yes"?>
<addon id="plugin.video.kohi" name="[B]Kohi[/B]" version="1.0" provider-name="sClarke">
  <requires>
    <import addon="xbmc.python" version="2.1.0"/>
	<import addon="script.module.requests" />
	<import addon="script.module.urlresolver" />
  </requires>
  <extension point="xbmc.python.pluginsource" library="default.py">
        <provides>video</provides>
  </extension>
  <extension point="xbmc.addon.metadata">
    <summary lang="en">Kohi</summary>
    <description lang="en">Kohi - All Content is found at http://kohimovie.info - Links may go up and down, this is out of my control.</description>
	<disclaimer lang="en"></disclaimer>
    <platform>all</platform>
  </extension>
</addon>
