﻿<?xml version="1.0" encoding="UTF-8" standalone="yes"?>
<addon id="plugin.video.streamhub" name="[COLOR ffff0000][B]StreamHub[/B][/COLOR]" version="3.0.5" provider-name="sClarke">
	<requires>
		<import addon="xbmc.python" version="2.1.0" />
		<import addon="script.module.pyxbmct" version="1.1.4" />
		<import addon="script.module.urlresolver" version="3.0.0"/>
		<import addon="script.module.metahandler" version="1.0.0" />
		<import addon="script.video.F4mProxy"/>
		<import addon="script.module.streamhub"/>
		<import addon="script.module.streamhublive"/>
	</requires>
	<extension point="xbmc.python.pluginsource" library="default.py">
		<provides>video</provides>
	</extension>
	<extension point="xbmc.addon.metadata">
		<summary lang="en">StreamHub</summary>
		<description lang="en">[COLOR ffff0000][B]StreamHub[/B][/COLOR] - Bringing Media Content To Your Devices. Including Movies, TV Shows and More!</description>
		<disclaimer lang="en">[COLOR ffff0000][B]The author does not own or host any content found within this Addon. The Author is not connected to or in any other way affiliated with Kodi, Team Kodi, or the XBMC Foundation.[/B][/COLOR]</disclaimer>
		<platform>all</platform>
		<forum>Facebook:   [COLOR ffff0000][B]facebook.com/groups/streamhub[/COLOR]</forum>
		<assets>
			<icon>icon.png</icon>
			<fanart>fanart.jpg</fanart>
			<screenshot>resources/screenshots/screenshot-01.jpg</screenshot>
			<screenshot>resources/screenshots/screenshot-02.jpg</screenshot>
			<screenshot>resources/screenshots/screenshot-03.jpg</screenshot>
		</assets>
		<news></news>
	</extension>
</addon>