<?xml version="1.0" encoding="UTF-8" standalone="yes"?>
<addon id="script.module.streamhublive" name="[COLOR ffff0000][B]StreamHub Live[/B][/COLOR]" version="1.0.1" provider-name="sClarke">
  <requires>
    <import addon="xbmc.python" version="2.1.0"/>
	<import addon="script.module.requests" />
	<import addon="script.video.F4mProxy" />
  </requires>
  <extension point="xbmc.python.pluginsource" library="default.py">
        <provides>all</provides>
  </extension>
  <extension point="xbmc.addon.metadata">
    <summary lang="en">[COLOR ffff0000][B]StreamHub Live[/B][/COLOR]</summary>
    <description lang="en">[COLOR ffff0000][B]StreamHub Live[/B][/COLOR]</description>
	<disclaimer lang="en">The author does not host or own any content found within this Addon. The Author is not connected to or in any other way affiliated with Kodi, Team Kodi, or the XBMC Foundation.</disclaimer>
    <platform>all</platform>
  </extension>
</addon>
