<?xml version="1.0" encoding="UTF-8" standalone="yes"?>
<addon id="plugin.video.flixanity" name="[B][COLOR ghostwhite]Flixanity[/COLOR][/B]" version="1.0" provider-name="sClarke">
  <requires>
    <import addon="xbmc.python" version="2.1.0"/>
	<import addon="script.module.urlresolver" />
  </requires>
  <extension point="xbmc.python.pluginsource" library="default.py">
        <provides>video</provides>
  </extension>
  <extension point="xbmc.addon.metadata">
    <summary lang="en">Streaming Content From flixanity.online</summary>
    <description lang="en">Flixanity - Streaming Content From flixanity.online</description>
	<disclaimer lang="en">The author does not host or own any content found within this Addon. The Author is not connected to or in any other way affiliated with Kodi, Team Kodi, or the XBMC Foundation.</disclaimer>
    <platform>all</platform>
  </extension>
</addon>
