<?xml version="1.0" encoding="UTF-8" standalone="yes"?>
<addon id="plugin.video.watch5s" name="[B]Watch [COLOR green]5s[/COLOR][/B]" version="1.0" provider-name="sClarke">
  <requires>
    <import addon="xbmc.python" version="2.1.0"/>
	<import addon="script.module.urlresolver" />
	<import addon="script.module.metahandler"/>
  </requires>
  <extension point="xbmc.python.pluginsource" library="default.py">
        <provides>video</provides>
  </extension>
  <extension point="xbmc.addon.metadata">
    <summary lang="en">Watch 5s</summary>
    <description lang="en">Watch 5s - All Content is found at https://watch5s.is - Links may go up and down, this is out of my control - Kodi 17 Required</description>
	<disclaimer lang="en">Watch5s</disclaimer>
    <platform>all</platform>
  </extension>
</addon>
