<?xml version="1.0" encoding="UTF-8" standalone="yes"?>
<addon id="plugin.program.AntonysWizard" name="[COLOR yellow]Antony's Wizard[/COLOR]" version="1.1" provider-name="aStorey">
  <requires>
    <import addon="xbmc.python" version="2.1.0"/>
  </requires>
  <extension point="xbmc.python.pluginsource" library="default.py">
    <provides>executable</provides>
  </extension>
  <extension point="xbmc.service" library="startup.py" start="startup" />
  <extension point="xbmc.addon.metadata">
    <summary lang="en">[COLOR yellow]Antony's Wizard[/COLOR]</summary>
    <description lang="en">Antony's Wizard, Bringing you Custom Builds.</description>
    <platform>all</platform>
  </extension>
</addon>